id,date,message,views,media
15184,2025-01-30 06:32:30,"multi for her 90 tablets 
price 5000 birr 
telegram @lobeliacosmetics
msgğŸ‘‰ lobelia pharmacy and cosmetics 
â˜ï¸ call 0911562031/0911587703
adress:- infront of bole medhanialem high school alemnesh plaza ground floor 
open monday - monday from 8am until midnight áŠ¨áˆ°áŠ - áŠ¥áˆµáŠ¨ áˆ°áŠÂ  áŠ¨áŒ§á‰± 2:00 áˆµá‹“á‰µ - áŠ¥áˆµáŠ¨ áˆáˆ½á‰± 6:00 áˆ°á‹“á‰µ
ğŸğŸğŸ á‹¨á‰µáˆ«áŠ•áˆµá–áˆ­á‰µ áŠ áˆ›áˆ«áŒ­ áŠ¨70 - 500 á‰¥áˆ­
for delivery option fees are from 70 birr - 500 birr",63,True
15183,2025-01-30 06:32:30,"iron 365 tablets 
price 5000 birr 
telegram https://t.me/lobelia4cosmetics
msgğŸ‘‰ lobelia pharmacy and cosmetics 
â˜ï¸ call 0911562031/0911587703
adress:- infront of bole medhanialem high school 
open monday - monday from 8am until midnight áŠ¨áˆ°áŠ - áŠ¥áˆµáŠ¨ áˆ°áŠÂ  áŠ¨áŒ§á‰± 2:00 áˆµá‹“á‰µ - áŠ¥áˆµáŠ¨ áˆáˆ½á‰± 6:00 áˆ°á‹“á‰µ 
ğŸğŸğŸ á‹¨á‰µáˆ«áŠ•áˆµá–áˆ­á‰µ áŠ áˆ›áˆ«áŒ­ áŠ¨70 - 200 á‰¥áˆ­
for delivery option fees are from 70 birr - 200 birr",50,True
15182,2025-01-30 06:32:30,"folic acid 
price 5000 birr 
telegram https://t.me/lobelia4cosmetics
msgğŸ‘‰ lobelia pharmacy and cosmetics 
â˜ï¸ call 0911562031/0911587703
adress:- infront of bole medhanialem high school 
open monday - monday from 8am until midnight áŠ¨áˆ°áŠ - áŠ¥áˆµáŠ¨ áˆ°áŠÂ  áŠ¨áŒ§á‰± 2:00 áˆµá‹“á‰µ - áŠ¥áˆµáŠ¨ áˆáˆ½á‰± 6:00 áˆ°á‹“á‰µ
ğŸğŸğŸ á‹¨á‰µáˆ«áŠ•áˆµá–áˆ­á‰µ áŠ áˆ›áˆ«áŒ­ áŠ¨70 - 200 á‰¥áˆ­
for delivery option fees are from 70 birr - 200 birr",27,True
15181,2025-01-30 06:32:30,"natures made vitamin d3 5000iu 200 gummies 
price 7000 birr 
telegram @lobeliacosmetics
msgğŸ‘‰ lobelia pharmacy and cosmetics 
â˜ï¸ call 0911562031/0911587703
adress:- infront of bole medhanialem high school alemnesh plaza ground floor 
open monday - monday from 8am until midnight áŠ¨áˆ°áŠ - áŠ¥áˆµáŠ¨ áˆ°áŠÂ  áŠ¨áŒ§á‰± 2:00 áˆµá‹“á‰µ - áŠ¥áˆµáŠ¨ áˆáˆ½á‰± 6:00 áˆ°á‹“á‰µ
ğŸğŸğŸ á‹¨á‰µáˆ«áŠ•áˆµá–áˆ­á‰µ áŠ áˆ›áˆ«áŒ­ áŠ¨70 - 500 á‰¥áˆ­
for delivery option fees are from 70 birr - 500 birr",23,True
15180,2025-01-30 06:32:30,"prenatal 120 gummies 
price 6500 birr 
telegram https://t.me/lobelia4cosmetics
msgğŸ‘‰ lobelia pharmacy and cosmetics 
â˜ï¸ call 0911562031/0911587703
adress:- infront of bole medhanialem high school 
open monday - monday from 8am until midnight áŠ¨áˆ°áŠ - áŠ¥áˆµáŠ¨ áˆ°áŠÂ  áŠ¨áŒ§á‰± 2:00 áˆµá‹“á‰µ - áŠ¥áˆµáŠ¨ áˆáˆ½á‰± 6:00 áˆ°á‹“á‰µ
ğŸğŸğŸ á‹¨á‰µáˆ«áŠ•áˆµá–áˆ­á‰µ áŠ áˆ›áˆ«áŒ­ áŠ¨70 - 200 á‰¥áˆ­
for delivery option fees are from 70 birr - 200 birr",23,True
15179,2025-01-30 06:32:30,"prenatal 150 softgels 
price 5500 birr 
telegram https://t.me/lobelia4cosmetics
msgğŸ‘‰ lobelia pharmacy and cosmetics 
â˜ï¸ call 0911562031/0911587703
adress:- infront of bole medhanialem high school 
open monday - monday from 8am until midnight áŠ¨áˆ°áŠ - áŠ¥áˆµáŠ¨ áˆ°áŠÂ  áŠ¨áŒ§á‰± 2:00 áˆµá‹“á‰µ - áŠ¥áˆµáŠ¨ áˆáˆ½á‰± 6:00 áˆ°á‹“á‰µ
ğŸğŸğŸ á‹¨á‰µáˆ«áŠ•áˆµá–áˆ­á‰µ áŠ áˆ›áˆ«áŒ­ áŠ¨70 - 200 á‰¥áˆ­
for delivery option fees are from 70 birr - 200 birr",24,True
15178,2025-01-30 06:32:30,"natures bounty hair, skin and nails 220 gummies 
price 4000 birr 
telegram @lobeliacosmetics 
msgğŸ‘‰ lobelia pharmacy and cosmetics 
â˜ï¸ call 0911562031/0911587703
adress:- infront of bole medhanialem high school 
alemnesh plaza ground floor 
open monday - monday from 8am until midnight áŠ¨áˆ°áŠ - áŠ¥áˆµáŠ¨ áˆ°áŠÂ  áŠ¨áŒ§á‰± 2:00 áˆµá‹“á‰µ - áŠ¥áˆµáŠ¨ áˆáˆ½á‰± 6:00 áˆ°á‹“á‰µ
ğŸğŸğŸ á‹¨á‰µáˆ«áŠ•áˆµá–áˆ­á‰µ áŠ áˆ›áˆ«áŒ­ áŠ¨70 - 500 á‰¥áˆ­
for delivery option fees are from 70 birr - 500 birr",21,True
15177,2025-01-30 06:32:30,"kirkland children's multivitamin 250 gummies 
price 4000 birr 
telegram @lobeliacosmetics 
msgğŸ‘‰ lobelia pharmacy and cosmetics 
â˜ï¸ call 0911562031/0911587703
adress:- infront of bole medhanialem high school 
alemnesh plaza ground floor 
open monday - monday from 8am until midnight áŠ¨áˆ°áŠ - áŠ¥áˆµáŠ¨ áˆ°áŠÂ  áŠ¨áŒ§á‰± 2:00 áˆµá‹“á‰µ - áŠ¥áˆµáŠ¨ áˆáˆ½á‰± 6:00 áˆ°á‹“á‰µ
ğŸğŸğŸ á‹¨á‰µáˆ«áŠ•áˆµá–áˆ­á‰µ áŠ áˆ›áˆ«áŒ­ áŠ¨70 - 500 á‰¥áˆ­
for delivery option fees are from 70 birr - 500 birr",20,True
15176,2025-01-30 06:32:30,"one a day men 50+ 300 tablets 
price 5700
telegram @lobeliacosmetics
msgğŸ‘‰ lobelia pharmacy and cosmetics 
â˜ï¸ call 0911562031/0911587703
adress:- infront of bole medhanialem high school 
open monday - monday from 8am until midnight áŠ¨áˆ°áŠ - áŠ¥áˆµáŠ¨ áˆ°áŠÂ  áŠ¨áŒ§á‰± 2:00 áˆµá‹“á‰µ - áŠ¥áˆµáŠ¨ áˆáˆ½á‰± 6:00 áˆ°á‹“á‰µ
ğŸğŸğŸ á‹¨á‰µáˆ«áŠ•áˆµá–áˆ­á‰µ áŠ áˆ›áˆ«áŒ­ áŠ¨70 - 200 á‰¥áˆ­
for delivery option fees are from 70 birr - 200 birr",20,True
15175,2025-01-30 06:32:30,"collagen 390 tablets 
price 7500
telegram @lobeliacosmetics
msgğŸ‘‰ lobelia pharmacy and cosmetics 
â˜ï¸ call 0911562031/0911587703
adress:- infront of bole medhanialem high school 
open monday - monday from 8am until midnight áŠ¨áˆ°áŠ - áŠ¥áˆµáŠ¨ áˆ°áŠÂ  áŠ¨áŒ§á‰± 2:00 áˆµá‹“á‰µ - áŠ¥áˆµáŠ¨ áˆáˆ½á‰± 6:00 áˆ°á‹“á‰µ
ğŸğŸğŸ á‹¨á‰µáˆ«áŠ•áˆµá–áˆ­á‰µ áŠ áˆ›áˆ«áŒ­ áŠ¨70 - 200 á‰¥áˆ­
for delivery option fees are from 70 birr - 200 birr",25,True
15174,2025-01-30 06:32:30,"ashwagandha 180 tablets 
price 7500
telegram @lobeliacosmetics
msgğŸ‘‰ lobelia pharmacy and cosmetics 
â˜ï¸ call 0911562031/0911587703
adress:- infront of bole medhanialem high school 
open monday - monday from 8am until midnight áŠ¨áˆ°áŠ - áŠ¥áˆµáŠ¨ áˆ°áŠÂ  áŠ¨áŒ§á‰± 2:00 áˆµá‹“á‰µ - áŠ¥áˆµáŠ¨ áˆáˆ½á‰± 6:00 áˆ°á‹“á‰µ
ğŸğŸğŸ á‹¨á‰µáˆ«áŠ•áˆµá–áˆ­á‰µ áŠ áˆ›áˆ«áŒ­ áŠ¨70 - 200 á‰¥áˆ­
for delivery option fees are from 70 birr - 200 birr",19,True
15173,2025-01-30 06:32:30,"st. john's wort 150 capsules 
price 5000 birr  
telegram https://t.me/lobelia4cosmetics
msgğŸ‘‰ lobelia pharmacy and cosmetics 
â˜ï¸ call 0911562031/0911587703
adress:- infront of bole medhanialem high school 
open monday - monday from 8am until midnight áŠ¨áˆ°áŠ - áŠ¥áˆµáŠ¨ áˆ°áŠÂ  áŠ¨áŒ§á‰± 2:00 áˆµá‹“á‰µ - áŠ¥áˆµáŠ¨ áˆáˆ½á‰± 6:00 áˆ°á‹“á‰µ
ğŸğŸğŸ á‹¨á‰µáˆ«áŠ•áˆµá–áˆ­á‰µ áŠ áˆ›áˆ«áŒ­ áŠ¨70 - 200 á‰¥áˆ­
for delivery option fees are from 70 birr - 200 birr",19,True
15172,2025-01-30 06:32:30,"biotin 10000 mcg
price 5000 birr 
telegram https://t.me/lobelia4cosmetics
msgğŸ‘‰ lobelia pharmacy and cosmetics 
â˜ï¸ call 0911562031/0911587703
adress:- infront of bole medhanialem high school 
open monday - monday from 8am until midnight áŠ¨áˆ°áŠ - áŠ¥áˆµáŠ¨ áˆ°áŠÂ  áŠ¨áŒ§á‰± 2:00 áˆµá‹“á‰µ - áŠ¥áˆµáŠ¨ áˆáˆ½á‰± 6:00 áˆ°á‹“á‰µ
ğŸğŸğŸ á‹¨á‰µáˆ«áŠ•áˆµá–áˆ­á‰µ áŠ áˆ›áˆ«áŒ­ áŠ¨70 - 200 á‰¥áˆ­
for delivery option fees are from 70 birr - 200 birr",18,True
15171,2025-01-30 06:32:30,"mini drops bed time 
price 3500 birr 
telegram https://t.me/lobelia4cosmetics
msgğŸ‘‰ lobelia pharmacy and cosmetics 
â˜ï¸ call 0911562031/0911587703
adress:- infront of bole medhanialem high school 
open monday - monday from 8am until midnight áŠ¨áˆ°áŠ - áŠ¥áˆµáŠ¨ áˆ°áŠÂ  áŠ¨áŒ§á‰± 2:00 áˆµá‹“á‰µ - áŠ¥áˆµáŠ¨ áˆáˆ½á‰± 6:00 áˆ°á‹“á‰µ
ğŸğŸğŸ á‹¨á‰µáˆ«áŠ•áˆµá–áˆ­á‰µ áŠ áˆ›áˆ«áŒ­ áŠ¨70 - 200 á‰¥áˆ­
for delivery option fees are from 70 birr - 200 birr",17,True
15170,2025-01-30 06:32:30,"mini drops multivitamin 
price 3500 birr 
telegram https://t.me/lobelia4cosmetics
msgğŸ‘‰ lobelia pharmacy and cosmetics 
â˜ï¸ call 0911562031/0911587703
adress:- infront of bole medhanialem high school 
open monday - monday from 8am until midnight áŠ¨áˆ°áŠ - áŠ¥áˆµáŠ¨ áˆ°áŠÂ  áŠ¨áŒ§á‰± 2:00 áˆµá‹“á‰µ - áŠ¥áˆµáŠ¨ áˆáˆ½á‰± 6:00 áˆ°á‹“á‰µ
ğŸğŸğŸ á‹¨á‰µáˆ«áŠ•áˆµá–áˆ­á‰µ áŠ áˆ›áˆ«áŒ­ áŠ¨70 - 200 á‰¥áˆ­
for delivery option fees are from 70 birr - 200 birr",20,True
15169,2025-01-30 06:32:30,"mini drops immune plus 
price 3500 birr 
telegram https://t.me/lobelia4cosmetics
msgğŸ‘‰ lobelia pharmacy and cosmetics 
â˜ï¸ call 0911562031/0911587703
adress:- infront of bole medhanialem high school 
open monday - monday from 8am until midnight áŠ¨áˆ°áŠ - áŠ¥áˆµáŠ¨ áˆ°áŠÂ  áŠ¨áŒ§á‰± 2:00 áˆµá‹“á‰µ - áŠ¥áˆµáŠ¨ áˆáˆ½á‰± 6:00 áˆ°á‹“á‰µ
ğŸğŸğŸ á‹¨á‰µáˆ«áŠ•áˆµá–áˆ­á‰µ áŠ áˆ›áˆ«áŒ­ áŠ¨70 - 200 á‰¥áˆ­
for delivery option fees are from 70 birr - 200 birr",20,True
15168,2025-01-30 06:32:30,"baby d drops 
price 3500 birr 
telegram https://t.me/lobelia4cosmetics
msgğŸ‘‰ lobelia pharmacy and cosmetics 
â˜ï¸ call 0911562031/0911587703
adress:- infront of bole medhanialem high school 
open monday - monday from 8am until midnight áŠ¨áˆ°áŠ - áŠ¥áˆµáŠ¨ áˆ°áŠÂ  áŠ¨áŒ§á‰± 2:00 áˆµá‹“á‰µ - áŠ¥áˆµáŠ¨ áˆáˆ½á‰± 6:00 áˆ°á‹“á‰µ
ğŸğŸğŸ á‹¨á‰µáˆ«áŠ•áˆµá–áˆ­á‰µ áŠ áˆ›áˆ«áŒ­ áŠ¨70 - 200 á‰¥áˆ­
for delivery option fees are from 70 birr - 200 birr",19,True
15167,2025-01-30 06:32:30,"iron drop 
price 3500 birr 
telegram https://t.me/lobelia4cosmetics
msgğŸ‘‰ lobelia pharmacy and cosmetics 
â˜ï¸ call 0911562031/0911587703
adress:- infront of bole medhanialem high school 
open monday - monday from 8am until midnight áŠ¨áˆ°áŠ - áŠ¥áˆµáŠ¨ áˆ°áŠÂ  áŠ¨áŒ§á‰± 2:00 áˆµá‹“á‰µ - áŠ¥áˆµáŠ¨ áˆáˆ½á‰± 6:00 áˆ°á‹“á‰µ
ğŸğŸğŸ á‹¨á‰µáˆ«áŠ•áˆµá–áˆ­á‰µ áŠ áˆ›áˆ«áŒ­ áŠ¨70 - 200 á‰¥áˆ­
for delivery option fees are from 70 birr - 200 birr",21,True
15166,2025-01-30 06:32:29,"dha drop 
price 3600 birr 
telegram https://t.me/lobelia4cosmetics
msgğŸ‘‰ lobelia pharmacy and cosmetics 
â˜ï¸ call 0911562031/0911587703
adress:- infront of bole medhanialem high school 
open monday - monday from 8am until midnight áŠ¨áˆ°áŠ - áŠ¥áˆµáŠ¨ áˆ°áŠÂ  áŠ¨áŒ§á‰± 2:00 áˆµá‹“á‰µ - áŠ¥áˆµáŠ¨ áˆáˆ½á‰± 6:00 áˆ°á‹“á‰µ
ğŸğŸğŸ á‹¨á‰µáˆ«áŠ•áˆµá–áˆ­á‰µ áŠ áˆ›áˆ«áŒ­ áŠ¨70 - 200 á‰¥áˆ­
for delivery option fees are from 70 birr - 200 birr",23,True
15165,2025-01-30 06:32:29,"well kid calcium syrup 
price 3200 birr 
telegram https://t.me/lobelia4cosmetics
msgğŸ‘‰ lobelia pharmacy and cosmetics 
â˜ï¸ call 0911562031/0911587703
adress:- infront of bole medhanialem high school 
open monday - monday from 8am until midnight áŠ¨áˆ°áŠ - áŠ¥áˆµáŠ¨ áˆ°áŠÂ  áŠ¨áŒ§á‰± 2:00 áˆµá‹“á‰µ - áŠ¥áˆµáŠ¨ áˆáˆ½á‰± 6:00 áˆ°á‹“á‰µ
ğŸğŸğŸ á‹¨á‰µáˆ«áŠ•áˆµá–áˆ­á‰µ áŠ áˆ›áˆ«áŒ­ áŠ¨70 - 200 á‰¥áˆ­
for delivery option fees are from 70 birr - 200 birr",18,True
15164,2025-01-30 06:32:29,"zinc 400 tablets 
price 6500 birr 
telegram https://t.me/lobelia4cosmetics
msgğŸ‘‰ lobelia pharmacy and cosmetics 
â˜ï¸ call 0911562031/0911587703
adress:- infront of bole medhanialem high school 
open monday - monday from 8am until midnight áŠ¨áˆ°áŠ - áŠ¥áˆµáŠ¨ áˆ°áŠÂ  áŠ¨áŒ§á‰± 2:00 áˆµá‹“á‰µ - áŠ¥áˆµáŠ¨ áˆáˆ½á‰± 6:00 áˆ°á‹“á‰µ
ğŸğŸğŸ á‹¨á‰µáˆ«áŠ•áˆµá–áˆ­á‰µ áŠ áˆ›áˆ«áŒ­ áŠ¨70 - 200 á‰¥áˆ­
for delivery option fees are from 70 birr - 200 birr",25,True
15163,2025-01-30 06:32:29,"nordic 119ml
price 4500 birr 
telegram @lobeliacosmetics
msgğŸ‘‰ lobelia pharmacy and cosmetics 
â˜ï¸ call 0911562031/0911587703
adress:- infront of bole medhanialem high school alemnesh plaza ground floor 
open monday - monday from 8am until midnight áŠ¨áˆ°áŠ - áŠ¥áˆµáŠ¨ áˆ°áŠÂ  áŠ¨áŒ§á‰± 2:00 áˆµá‹“á‰µ - áŠ¥áˆµáŠ¨ áˆáˆ½á‰± 6:00 áˆ°á‹“á‰µ
ğŸğŸğŸ á‹¨á‰µáˆ«áŠ•áˆµá–áˆ­á‰µ áŠ áˆ›áˆ«áŒ­ áŠ¨70 - 500 á‰¥áˆ­
for delivery option fees are from 70 birr - 500 birr",34,True
15162,2025-01-29 13:01:26,"nido 1.8kg 
price 4500 birr 
telegram https://t.me/lobelia4cosmetics
msgğŸ‘‰ lobelia pharmacy and cosmetics 
â˜ï¸ call 0911562031/0911587703
adress:- infront of bole medhanialem high school 
open monday - monday from 8am until midnight áŠ¨áˆ°áŠ - áŠ¥áˆµáŠ¨ áˆ°áŠÂ  áŠ¨áŒ§á‰± 2:00 áˆµá‹“á‰µ - áŠ¥áˆµáŠ¨ áˆáˆ½á‰± 6:00 áˆ°á‹“á‰µ
ğŸğŸğŸ á‹¨á‰µáˆ«áŠ•áˆµá–áˆ­á‰µ áŠ áˆ›áˆ«áŒ­ áŠ¨70 - 200 á‰¥áˆ­
for delivery option fees are from 70 birr - 200 birr",801,True
15161,2025-01-29 13:01:26,"sudo cream 
price 4000 birr 
telegram https://t.me/lobelia4cosmetics
msgğŸ‘‰ lobelia pharmacy and cosmetics 
â˜ï¸ call 0911562031/0911587703
adress:- infront of bole medhanialem high school 
open monday - monday from 8am until midnight áŠ¨áˆ°áŠ - áŠ¥áˆµáŠ¨ áˆ°áŠÂ  áŠ¨áŒ§á‰± 2:00 áˆµá‹“á‰µ - áŠ¥áˆµáŠ¨ áˆáˆ½á‰± 6:00 áˆ°á‹“á‰µ
ğŸğŸğŸ á‹¨á‰µáˆ«áŠ•áˆµá–áˆ­á‰µ áŠ áˆ›áˆ«áŒ­ áŠ¨70 - 200 á‰¥áˆ­
for delivery option fees are from 70 birr - 200 birr",732,True
15160,2025-01-29 13:01:26,,455,True
15159,2025-01-29 13:01:26,,476,True
15158,2025-01-29 13:01:26,"eos lotion 
price 3800 birr 
telegram @lobeliacosmetics
msgğŸ‘‰ lobelia pharmacy and cosmetics 
â˜ï¸ call 0911562031/0911587703
adress:- infront of bole medhanialem high school 
alemnesh plaza ground floor 
open monday - monday from 8am until midnight áŠ¨áˆ°áŠ - áŠ¥áˆµáŠ¨ áˆ°áŠÂ  áŠ¨áŒ§á‰± 2:00 áˆµá‹“á‰µ - áŠ¥áˆµáŠ¨ áˆáˆ½á‰± 6:00 áˆ°á‹“á‰µ
ğŸğŸğŸ á‹¨á‰µáˆ«áŠ•áˆµá–áˆ­á‰µ áŠ áˆ›áˆ«áŒ­ áŠ¨70 - 500 á‰¥áˆ­
for delivery option fees are from 70 birr - 500 birr",467,True
15157,2025-01-29 13:01:26,"cheerios 
price 2800
telegram https://t.me/lobelia4cosmetics
msgğŸ‘‰ lobelia pharmacy and cosmetics 
â˜ï¸ call 0911562031/0911587703
adress:- infront of bole medhanialem high school 
open monday - monday from 8am until midnight áŠ¨áˆ°áŠ - áŠ¥áˆµáŠ¨ áˆ°áŠÂ  áŠ¨áŒ§á‰± 2:00 áˆµá‹“á‰µ - áŠ¥áˆµáŠ¨ áˆáˆ½á‰± 6:00 áˆ°á‹“á‰µ
ğŸğŸğŸ á‹¨á‰µáˆ«áŠ•áˆµá–áˆ­á‰µ áŠ áˆ›áˆ«áŒ­ áŠ¨70 - 200 á‰¥áˆ­
for delivery option fees are from 70 birr - 200 birr",380,True
15156,2025-01-29 13:01:26,"honey bunches 
price 2800
telegram https://t.me/lobelia4cosmetics
msgğŸ‘‰ lobelia pharmacy and cosmetics 
â˜ï¸ call 0911562031/0911587703
adress:- infront of bole medhanialem high school 
open monday - monday from 8am until midnight áŠ¨áˆ°áŠ - áŠ¥áˆµáŠ¨ áˆ°áŠÂ  áŠ¨áŒ§á‰± 2:00 áˆµá‹“á‰µ - áŠ¥áˆµáŠ¨ áˆáˆ½á‰± 6:00 áˆ°á‹“á‰µ
ğŸğŸğŸ á‹¨á‰µáˆ«áŠ•áˆµá–áˆ­á‰µ áŠ áˆ›áˆ«áŒ­ áŠ¨70 - 200 á‰¥áˆ­
for delivery option fees are from 70 birr - 200 birr",378,True
15155,2025-01-29 13:01:26,"batana oil 150ml
price 4500 birr 
telegram @lobeliacosmetics
msgğŸ‘‰ lobelia pharmacy and cosmetics 
â˜ï¸ call 0911562031/0911587703
adress:- infront of bole medhanialem high school 
alemnesh plaza ground floor 
open monday - monday from 8am until midnight áŠ¨áˆ°áŠ - áŠ¥áˆµáŠ¨ áˆ°áŠÂ  áŠ¨áŒ§á‰± 2:00 áˆµá‹“á‰µ - áŠ¥áˆµáŠ¨ áˆáˆ½á‰± 6:00 áˆ°á‹“á‰µ
ğŸğŸğŸ á‹¨á‰µáˆ«áŠ•áˆµá–áˆ­á‰µ áŠ áˆ›áˆ«áŒ­ áŠ¨70 - 500 á‰¥áˆ­
for delivery option fees are from 70 birr - 500 birr",483,True
15154,2025-01-29 12:59:56,"allula gold 1.8kg
price 5500 birr 
telegram @lobeliacosmetics
msgğŸ‘‰ lobelia pharmacy and cosmetics 
â˜ï¸ call 0911562031/0911587703
adress:- infront of bole medhanialem high school 
alemnesh plaza ground floor 
open monday - monday from 8am until midnight áŠ¨áˆ°áŠ - áŠ¥áˆµáŠ¨ áˆ°áŠÂ  áŠ¨áŒ§á‰± 2:00 áˆµá‹“á‰µ - áŠ¥áˆµáŠ¨ áˆáˆ½á‰± 6:00 áˆ°á‹“á‰µ
ğŸğŸğŸ á‹¨á‰µáˆ«áŠ•áˆµá–áˆ­á‰µ áŠ áˆ›áˆ«áŒ­ áŠ¨70 - 200 á‰¥áˆ­
for delivery option fees are from 70 birr - 200 birr",557,True
15153,2025-01-29 05:03:04,"larocheÂ  hyalu +b5 eye serum 
price 6000
telegram https://t.me/lobelia4cosmetics
msgğŸ‘‰ lobelia pharmacy and cosmetics 
â˜ï¸ call 0911562031/0911587703
adress:- infront of bole medhanialem high school 
open monday - monday from 8am until midnight áŠ¨áˆ°áŠ - áŠ¥áˆµáŠ¨ áˆ°áŠÂ  áŠ¨áŒ§á‰± 2:00 áˆµá‹“á‰µ - áŠ¥áˆµáŠ¨ áˆáˆ½á‰± 6:00 áˆ°á‹“á‰µ
ğŸğŸğŸ á‹¨á‰µáˆ«áŠ•áˆµá–áˆ­á‰µ áŠ áˆ›áˆ«áŒ­ áŠ¨70 - 200 á‰¥áˆ­
for delivery option fees are from 70 birr - 200 birr",802,True
15152,2025-01-29 05:03:03,"larocheÂ  effaclar ultra serum 
price 6000
telegram https://t.me/lobelia4cosmetics
msgğŸ‘‰ lobelia pharmacy and cosmetics 
â˜ï¸ call 0911562031/0911587703
adress:- infront of bole medhanialem high school 
open monday - monday from 8am until midnight áŠ¨áˆ°áŠ - áŠ¥áˆµáŠ¨ áˆ°áŠÂ  áŠ¨áŒ§á‰± 2:00 áˆµá‹“á‰µ - áŠ¥áˆµáŠ¨ áˆáˆ½á‰± 6:00 áˆ°á‹“á‰µ
ğŸğŸğŸ á‹¨á‰µáˆ«áŠ•áˆµá–áˆ­á‰µ áŠ áˆ›áˆ«áŒ­ áŠ¨70 - 200 á‰¥áˆ­
for delivery option fees are from 70 birr - 200 birr",709,True
15151,2025-01-29 05:03:03,"laroche  niacinamide serum 
price 6000
telegram https://t.me/lobelia4cosmetics
msgğŸ‘‰ lobelia pharmacy and cosmetics 
â˜ï¸ call 0911562031/0911587703
adress:- infront of bole medhanialem high school 
open monday - monday from 8am until midnight áŠ¨áˆ°áŠ - áŠ¥áˆµáŠ¨ áˆ°áŠÂ  áŠ¨áŒ§á‰± 2:00 áˆµá‹“á‰µ - áŠ¥áˆµáŠ¨ áˆáˆ½á‰± 6:00 áˆ°á‹“á‰µ
ğŸğŸğŸ á‹¨á‰µáˆ«áŠ•áˆµá–áˆ­á‰µ áŠ áˆ›áˆ«áŒ­ áŠ¨70 - 200 á‰¥áˆ­
for delivery option fees are from 70 birr - 200 birr",505,True
15150,2025-01-29 05:03:03,"laroche  hyalu+b5 serum 
price 6000
telegram https://t.me/lobelia4cosmetics
msgğŸ‘‰ lobelia pharmacy and cosmetics 
â˜ï¸ call 0911562031/0911587703
adress:- infront of bole medhanialem high school 
open monday - monday from 8am until midnight áŠ¨áˆ°áŠ - áŠ¥áˆµáŠ¨ áˆ°áŠÂ  áŠ¨áŒ§á‰± 2:00 áˆµá‹“á‰µ - áŠ¥áˆµáŠ¨ áˆáˆ½á‰± 6:00 áˆ°á‹“á‰µ
ğŸğŸğŸ á‹¨á‰µáˆ«áŠ•áˆµá–áˆ­á‰µ áŠ áˆ›áˆ«áŒ­ áŠ¨70 - 200 á‰¥áˆ­
for delivery option fees are from 70 birr - 200 birr",470,True
15149,2025-01-29 05:03:03,"mielle  oil 
price 2500 birr 
telegram https://t.me/lobelia4cosmetics
msgğŸ‘‰ lobelia pharmacy and cosmetics 
â˜ï¸ call 0911562031/0911587703
adress:- infront of bole medhanialem high school 
open monday - monday from 8am until midnight áŠ¨áˆ°áŠ - áŠ¥áˆµáŠ¨ áˆ°áŠÂ  áŠ¨áŒ§á‰± 2:00 áˆµá‹“á‰µ - áŠ¥áˆµáŠ¨ áˆáˆ½á‰± 6:00 áˆ°á‹“á‰µ
ğŸğŸğŸ á‹¨á‰µáˆ«áŠ•áˆµá–áˆ­á‰µ áŠ áˆ›áˆ«áŒ­ áŠ¨70 - 200 á‰¥áˆ­
for delivery option fees are from 70 birr - 200 birr",415,True
15148,2025-01-29 05:03:03,"head &shoulders shampoo 950ml
price 3500 birr 
telegram https://t.me/lobelia4cosmetics
msgğŸ‘‰ lobelia pharmacy and cosmetics 
â˜ï¸ call 0911562031/0911587703
adress:- infront of bole medhanialem high school 
open monday - monday from 8am until midnight áŠ¨áˆ°áŠ - áŠ¥áˆµáŠ¨ áˆ°áŠÂ  áŠ¨áŒ§á‰± 2:00 áˆµá‹“á‰µ - áŠ¥áˆµáŠ¨ áˆáˆ½á‰± 6:00 áˆ°á‹“á‰µ
ğŸğŸğŸ á‹¨á‰µáˆ«áŠ•áˆµá–áˆ­á‰µ áŠ áˆ›áˆ«áŒ­ áŠ¨70 - 200 á‰¥áˆ­
for delivery option fees are from 70 birr - 200 birr",416,True
15147,2025-01-29 05:03:03,"treseme shampoo and conditioner 
price 7000 birr 
telegram https://t.me/lobelia4cosmetics
msgğŸ‘‰ lobelia pharmacy and cosmetics 
â˜ï¸ call 0911562031/0911587703
adress:- infront of bole medhanialem high school 
open monday - monday from 8am until midnight áŠ¨áˆ°áŠ - áŠ¥áˆµáŠ¨ áˆ°áŠÂ  áŠ¨áŒ§á‰± 2:00 áˆµá‹“á‰µ - áŠ¥áˆµáŠ¨ áˆáˆ½á‰± 6:00 áˆ°á‹“á‰µ
ğŸğŸğŸ á‹¨á‰µáˆ«áŠ•áˆµá–áˆ­á‰µ áŠ áˆ›áˆ«áŒ­ áŠ¨50 - 150 á‰¥áˆ­
for delivery option fees are from 50 birr - 150 birr",504,True
15146,2025-01-29 05:02:10,"nexus shampoo and conditioner 
price 7000 birr 
telegram @lobeliacosmetics
msgğŸ‘‰ lobelia pharmacy and cosmetics 
â˜ï¸ call 0911562031/0911587703
adress:- infront of bole medhanialem high school 
alemnesh plaza ground floor 
open monday - monday from 8am until midnight áŠ¨áˆ°áŠ - áŠ¥áˆµáŠ¨ áˆ°áŠÂ  áŠ¨áŒ§á‰± 2:00 áˆµá‹“á‰µ - áŠ¥áˆµáŠ¨ áˆáˆ½á‰± 6:00 áˆ°á‹“á‰µ
ğŸğŸğŸ á‹¨á‰µáˆ«áŠ•áˆµá–áˆ­á‰µ áŠ áˆ›áˆ«áŒ­ áŠ¨70 - 200 á‰¥áˆ­
for delivery option fees are from 70 birr - 200 birr",602,True
15145,2025-01-28 14:36:31,"sardine 
price 800 birr each 
telegram https://t.me/lobelia4cosmetics
msgğŸ‘‰ lobelia pharmacy and cosmetics 
â˜ï¸ call 0911562031/0911587703
adress:- infront of bole medhanialem high school 
open monday - monday from 8am until midnight áŠ¨áˆ°áŠ - áŠ¥áˆµáŠ¨ áˆ°áŠÂ  áŠ¨áŒ§á‰± 2:00 áˆµá‹“á‰µ - áŠ¥áˆµáŠ¨ áˆáˆ½á‰± 6:00 áˆ°á‹“á‰µ
ğŸğŸğŸ á‹¨á‰µáˆ«áŠ•áˆµá–áˆ­á‰µ áŠ áˆ›áˆ«áŒ­ áŠ¨70 - 200 á‰¥áˆ­
for delivery option fees are from 70 birr - 200 birr",890,True
15144,2025-01-28 14:36:31,"cardioace plus
price 5000 birr 
telegram https://t.me/lobelia4cosmetics
msgğŸ‘‰ lobelia pharmacy and cosmetics 
â˜ï¸ call 0911562031/0911587703
adress:- infront of bole medhanialem high school 
open monday - monday from 8am until midnight áŠ¨áˆ°áŠ - áŠ¥áˆµáŠ¨ áˆ°áŠÂ  áŠ¨áŒ§á‰± 2:00 áˆµá‹“á‰µ - áŠ¥áˆµáŠ¨ áˆáˆ½á‰± 6:00 áˆ°á‹“á‰µ
ğŸğŸğŸ á‹¨á‰µáˆ«áŠ•áˆµá–áˆ­á‰µ áŠ áˆ›áˆ«áŒ­ áŠ¨70 - 200 á‰¥áˆ­
for delivery option fees are from 70 birr - 200 birr",815,True
15143,2025-01-28 14:36:31,"wellman conception 
price 4000
telegram https://t.me/lobelia4cosmetics
msgğŸ‘‰ lobelia pharmacy and cosmetics 
â˜ï¸ call 0911562031/0911587703
adress:- infront of bole medhanialem high school 
open monday - monday from 8am until midnight áŠ¨áˆ°áŠ - áŠ¥áˆµáŠ¨ áˆ°áŠÂ  áŠ¨áŒ§á‰± 2:00 áˆµá‹“á‰µ - áŠ¥áˆµáŠ¨ áˆáˆ½á‰± 6:00 áˆ°á‹“á‰µ
ğŸğŸğŸ á‹¨á‰µáˆ«áŠ•áˆµá–áˆ­á‰µ áŠ áˆ›áˆ«áŒ­ áŠ¨70 - 200 á‰¥áˆ­
for delivery option fees are from 70 birr - 200 birr",498,True
15142,2025-01-28 14:36:31,"musinex sever congestion and cough 20 tablets 
price 2500 birr 
telegram https://t.me/lobelia4cosmetics
msgğŸ‘‰ lobelia pharmacy and cosmetics 
â˜ï¸ call 0911562031/0911587703
adress:- infront of bole medhanialem high school 
open monday - monday from 8am until midnight áŠ¨áˆ°áŠ - áŠ¥áˆµáŠ¨ áˆ°áŠÂ  áŠ¨áŒ§á‰± 2:00 áˆµá‹“á‰µ - áŠ¥áˆµáŠ¨ áˆáˆ½á‰± 6:00 áˆ°á‹“á‰µ
ğŸğŸğŸ á‹¨á‰µáˆ«áŠ•áˆµá–áˆ­á‰µ áŠ áˆ›áˆ«áŒ­ áŠ¨70 - 200 á‰¥áˆ­
for delivery option fees are from 70 birr - 200 birr",527,True
15141,2025-01-28 14:36:31,"musinex cough expectorant 42 tablets 
price 3500 birr 
telegram https://t.me/lobelia4cosmetics
msgğŸ‘‰ lobelia pharmacy and cosmetics 
â˜ï¸ call 0911562031/0911587703
adress:- infront of bole medhanialem high school 
open monday - monday from 8am until midnight áŠ¨áˆ°áŠ - áŠ¥áˆµáŠ¨ áˆ°áŠÂ  áŠ¨áŒ§á‰± 2:00 áˆµá‹“á‰µ - áŠ¥áˆµáŠ¨ áˆáˆ½á‰± 6:00 áˆ°á‹“á‰µ
ğŸğŸğŸ á‹¨á‰µáˆ«áŠ•áˆµá–áˆ­á‰µ áŠ áˆ›áˆ«áŒ­ áŠ¨70 - 200 á‰¥áˆ­
for delivery option fees are from 70 birr - 200 birr",385,True
15140,2025-01-28 14:36:31,"musinex cough expectorant 14 tablets 
price 2000 birr 
telegram https://t.me/lobelia4cosmetics
msgğŸ‘‰ lobelia pharmacy and cosmetics 
â˜ï¸ call 0911562031/0911587703
adress:- infront of bole medhanialem high school 
open monday - monday from 8am until midnight áŠ¨áˆ°áŠ - áŠ¥áˆµáŠ¨ áˆ°áŠÂ  áŠ¨áŒ§á‰± 2:00 áˆµá‹“á‰µ - áŠ¥áˆµáŠ¨ áˆáˆ½á‰± 6:00 áˆ°á‹“á‰µ
ğŸğŸğŸ á‹¨á‰µáˆ«áŠ•áˆµá–áˆ­á‰µ áŠ áˆ›áˆ«áŒ­ áŠ¨70 - 200 á‰¥áˆ­
for delivery option fees are from 70 birr - 200 birr",368,True
15139,2025-01-28 14:36:31,"musinex cough expectorant 68 tablets 
price 4500 birr 
telegram https://t.me/lobelia4cosmetics
msgğŸ‘‰ lobelia pharmacy and cosmetics 
â˜ï¸ call 0911562031/0911587703
adress:- infront of bole medhanialem high school 
open monday - monday from 8am until midnight áŠ¨áˆ°áŠ - áŠ¥áˆµáŠ¨ áˆ°áŠÂ  áŠ¨áŒ§á‰± 2:00 áˆµá‹“á‰µ - áŠ¥áˆµáŠ¨ áˆáˆ½á‰± 6:00 áˆ°á‹“á‰µ
ğŸğŸğŸ á‹¨á‰µáˆ«áŠ•áˆµá–áˆ­á‰µ áŠ áˆ›áˆ«áŒ­ áŠ¨70 - 200 á‰¥áˆ­
for delivery option fees are from 70 birr - 200 birr",388,True
15138,2025-01-28 14:36:31,"day and night quil 24 tablets 
price 2500 birr 
telegram https://t.me/lobelia4cosmetics
msgğŸ‘‰ lobelia pharmacy and cosmetics 
â˜ï¸ call 0911562031/0911587703
adress:- infront of bole medhanialem high school 
open monday - monday from 8am until midnight áŠ¨áˆ°áŠ - áŠ¥áˆµáŠ¨ áˆ°áŠÂ  áŠ¨áŒ§á‰± 2:00 áˆµá‹“á‰µ - áŠ¥áˆµáŠ¨ áˆáˆ½á‰± 6:00 áˆ°á‹“á‰µ
ğŸğŸğŸ á‹¨á‰µáˆ«áŠ•áˆµá–áˆ­á‰µ áŠ áˆ›áˆ«áŒ­ áŠ¨70 - 200 á‰¥áˆ­
for delivery option fees are from 70 birr - 200 birr",357,True
15137,2025-01-28 14:36:30,"day and night quil 48 tablets 
price 4500 birr 
telegram https://t.me/lobelia4cosmetics
msgğŸ‘‰ lobelia pharmacy and cosmetics 
â˜ï¸ call 0911562031/0911587703
adress:- infront of bole medhanialem high school 
open monday - monday from 8am until midnight áŠ¨áˆ°áŠ - áŠ¥áˆµáŠ¨ áˆ°áŠÂ  áŠ¨áŒ§á‰± 2:00 áˆµá‹“á‰µ - áŠ¥áˆµáŠ¨ áˆáˆ½á‰± 6:00 áˆ°á‹“á‰µ
ğŸğŸğŸ á‹¨á‰µáˆ«áŠ•áˆµá–áˆ­á‰µ áŠ áˆ›áˆ«áŒ­ áŠ¨70 - 200 á‰¥áˆ­
for delivery option fees are from 70 birr - 200 birr",411,True
15136,2025-01-28 14:36:30,"musinex fast cold & flu 
price 2500 birr 
telegram https://t.me/lobelia4cosmetics
msgğŸ‘‰ lobelia pharmacy and cosmetics 
â˜ï¸ call 0911562031/0911587703
adress:- infront of bole medhanialem high school 
open monday - monday from 8am until midnight áŠ¨áˆ°áŠ - áŠ¥áˆµáŠ¨ áˆ°áŠÂ  áŠ¨áŒ§á‰± 2:00 áˆµá‹“á‰µ - áŠ¥áˆµáŠ¨ áˆáˆ½á‰± 6:00 áˆ°á‹“á‰µ
ğŸğŸğŸ á‹¨á‰µáˆ«áŠ•áˆµá–áˆ­á‰µ áŠ áˆ›áˆ«áŒ­ áŠ¨70 - 200 á‰¥áˆ­
for delivery option fees are from 70 birr - 200 birr",358,True
15135,2025-01-28 14:36:30,"musinex fast night cold & flu 
price 2500 birr 
telegram https://t.me/lobelia4cosmetics
msgğŸ‘‰ lobelia pharmacy and cosmetics 
â˜ï¸ call 0911562031/0911587703
adress:- infront of bole medhanialem high school 
open monday - monday from 8am until midnight áŠ¨áˆ°áŠ - áŠ¥áˆµáŠ¨ áˆ°áŠÂ  áŠ¨áŒ§á‰± 2:00 áˆµá‹“á‰µ - áŠ¥áˆµáŠ¨ áˆáˆ½á‰± 6:00 áˆ°á‹“á‰µ
ğŸğŸğŸ á‹¨á‰µáˆ«áŠ•áˆµá–áˆ­á‰µ áŠ áˆ›áˆ«áŒ­ áŠ¨70 - 200 á‰¥áˆ­
for delivery option fees are from 70 birr - 200 birr",367,True
15134,2025-01-28 14:36:30,"musinex fast cold & flu 
price 2500 birr 
telegram https://t.me/lobelia4cosmetics
msgğŸ‘‰ lobelia pharmacy and cosmetics 
â˜ï¸ call 0911562031/0911587703
adress:- infront of bole medhanialem high school 
open monday - monday from 8am until midnight áŠ¨áˆ°áŠ - áŠ¥áˆµáŠ¨ áˆ°áŠÂ  áŠ¨áŒ§á‰± 2:00 áˆµá‹“á‰µ - áŠ¥áˆµáŠ¨ áˆáˆ½á‰± 6:00 áˆ°á‹“á‰µ
ğŸğŸğŸ á‹¨á‰µáˆ«áŠ•áˆµá–áˆ­á‰µ áŠ áˆ›áˆ«áŒ­ áŠ¨70 - 200 á‰¥áˆ­
for delivery option fees are from 70 birr - 200 birr",593,True
15133,2025-01-28 14:36:30,"day and night quil syrup
price 5000 birr 
telegram https://t.me/lobelia4cosmetics
msgğŸ‘‰ lobelia pharmacy and cosmetics 
â˜ï¸ call 0911562031/0911587703
adress:- infront of bole medhanialem high school 
open monday - monday from 8am until midnight áŠ¨áˆ°áŠ - áŠ¥áˆµáŠ¨ áˆ°áŠÂ  áŠ¨áŒ§á‰± 2:00 áˆµá‹“á‰µ - áŠ¥áˆµáŠ¨ áˆáˆ½á‰± 6:00 áˆ°á‹“á‰µ
ğŸğŸğŸ á‹¨á‰µáˆ«áŠ•áˆµá–áˆ­á‰µ áŠ áˆ›áˆ«áŒ­ áŠ¨70 - 200 á‰¥áˆ­
for delivery option fees are from 70 birr - 200 birr",582,True
15132,2025-01-28 10:54:52,"nido 1+ 2.2kg 
price 6500 birr 
telegram @lobeliacosmetics
msgğŸ‘‰ lobelia pharmacy and cosmetics 
â˜ï¸ call 0911562031/0911587703
adress:- infront of bole medhanialem high school 
alemnesh plaza ground floor 
open monday - monday from 8am until midnight áŠ¨áˆ°áŠ - áŠ¥áˆµáŠ¨ áˆ°áŠÂ  áŠ¨áŒ§á‰± 2:00 áˆµá‹“á‰µ - áŠ¥áˆµáŠ¨ áˆáˆ½á‰± 6:00 áˆ°á‹“á‰µ
ğŸğŸğŸ á‹¨á‰µáˆ«áŠ•áˆµá–áˆ­á‰µ áŠ áˆ›áˆ«áŒ­ áŠ¨70 - 200 á‰¥áˆ­
for delivery option fees are from 70 birr - 200 birr",897,True
15131,2025-01-28 10:54:52,"neuropro care 
price 5500 birr 
telegram @lobeliacosmetics
msgğŸ‘‰ lobelia pharmacy and cosmetics 
â˜ï¸ call 0911562031/0911587703
adress:- infront of bole medhanialem high school 
alemnesh plaza ground floor 
open monday - monday from 8am until midnight áŠ¨áˆ°áŠ - áŠ¥áˆµáŠ¨ áˆ°áŠÂ  áŠ¨áŒ§á‰± 2:00 áˆµá‹“á‰µ - áŠ¥áˆµáŠ¨ áˆáˆ½á‰± 6:00 áˆ°á‹“á‰µ
ğŸğŸğŸ á‹¨á‰µáˆ«áŠ•áˆµá–áˆ­á‰µ áŠ áˆ›áˆ«áŒ­ áŠ¨70 - 500 á‰¥áˆ­
for delivery option fees are from 70 birr - 500 birr",669,True
15130,2025-01-28 10:54:52,"enfagrow 
price 5500
telegram @lobeliacosmetics
msgğŸ‘‰ lobelia pharmacy and cosmetics 
â˜ï¸ call 0911562031/0911587703
adress:- infront of bole medhanialem high school 
alemnesh plaza ground floor 
open monday - monday from 8am until midnight áŠ¨áˆ°áŠ - áŠ¥áˆµáŠ¨ áˆ°áŠÂ  áŠ¨áŒ§á‰± 2:00 áˆµá‹“á‰µ - áŠ¥áˆµáŠ¨ áˆáˆ½á‰± 6:00 áˆ°á‹“á‰µ
ğŸğŸğŸ á‹¨á‰µáˆ«áŠ•áˆµá–áˆ­á‰µ áŠ áˆ›áˆ«áŒ­ áŠ¨70 - 200 á‰¥áˆ­
for delivery option fees are from 70 birr - 200 birr",484,True
15129,2025-01-28 10:54:52,"go & grow 850gm
price 5500 birr 
telegram https://t.me/lobelia4cosmetics
msgğŸ‘‰ lobelia pharmacy and cosmetics 
â˜ï¸ call 0911562031/0911587703
adress:- infront of bole medhanialem high school 
open monday - monday from 8am until midnight áŠ¨áˆ°áŠ - áŠ¥áˆµáŠ¨ áˆ°áŠÂ  áŠ¨áŒ§á‰± 2:00 áˆµá‹“á‰µ - áŠ¥áˆµáŠ¨ áˆáˆ½á‰± 6:00 áˆ°á‹“á‰µ
ğŸğŸğŸ á‹¨á‰µáˆ«áŠ•áˆµá–áˆ­á‰µ áŠ áˆ›áˆ«áŒ­ áŠ¨70 - 200 á‰¥áˆ­
for delivery option fees are from 70 birr - 200 birr",466,True
15128,2025-01-28 10:54:52,"glucerna 
price 3300 birr 
telegram https://t.me/lobelia4cosmetics
msgğŸ‘‰ lobelia pharmacy and cosmetics 
â˜ï¸ call 0911562031/0911587703
adress:- infront of bole medhanialem high school 
open monday - monday from 8am until midnight áŠ¨áˆ°áŠ - áŠ¥áˆµáŠ¨ áˆ°áŠÂ  áŠ¨áŒ§á‰± 2:00 áˆµá‹“á‰µ - áŠ¥áˆµáŠ¨ áˆáˆ½á‰± 6:00 áˆ°á‹“á‰µ
ğŸğŸğŸ á‹¨á‰µáˆ«áŠ•áˆµá–áˆ­á‰µ áŠ áˆ›áˆ«áŒ­ áŠ¨70 - 200 á‰¥áˆ­
for delivery option fees are from 70 birr - 200 birr",494,True
15127,2025-01-28 10:54:52,"ensure 850gm
price 3800 birr 
telegram https://t.me/lobelia4cosmetics
msgğŸ‘‰ lobelia pharmacy and cosmetics 
â˜ï¸ call 0911562031/0911587703
adress:- infront of bole medhanialem high school 
open monday - monday from 8am until midnight áŠ¨áˆ°áŠ - áŠ¥áˆµáŠ¨ áˆ°áŠÂ  áŠ¨áŒ§á‰± 2:00 áˆµá‹“á‰µ - áŠ¥áˆµáŠ¨ áˆáˆ½á‰± 6:00 áˆ°á‹“á‰µ
ğŸğŸğŸ á‹¨á‰µáˆ«áŠ•áˆµá–áˆ­á‰µ áŠ áˆ›áˆ«áŒ­ áŠ¨70 - 200 á‰¥áˆ­
for delivery option fees are from 70 birr - 200 birr",556,True
15126,2025-01-28 07:55:08,"postnatal 60 softgels 
price 6500 birr 
telegram https://t.me/lobelia4cosmetics
msgğŸ‘‰ lobelia pharmacy and cosmetics 
â˜ï¸ call 0911562031/0911587703
adress:- infront of bole medhanialem high school 
open monday - monday from 8am until midnight áŠ¨áˆ°áŠ - áŠ¥áˆµáŠ¨ áˆ°áŠÂ  áŠ¨áŒ§á‰± 2:00 áˆµá‹“á‰µ - áŠ¥áˆµáŠ¨ áˆáˆ½á‰± 6:00 áˆ°á‹“á‰µ
ğŸğŸğŸ á‹¨á‰µáˆ«áŠ•áˆµá–áˆ­á‰µ áŠ áˆ›áˆ«áŒ­ áŠ¨70 - 200 á‰¥áˆ­
for delivery option fees are from 70 birr - 200 birr",672,True
15125,2025-01-28 07:54:59,"magnesium glycinate
price 7000 birr 
telegram @lobeliacosmetics
msgğŸ‘‰ lobelia pharmacy and cosmetics 
â˜ï¸ call 0911562031/0911587703
adress:- infront of bole medhanialem high school alemnesh plaza ground floor 
open monday - monday from 8am until midnight áŠ¨áˆ°áŠ - áŠ¥áˆµáŠ¨ áˆ°áŠÂ  áŠ¨áŒ§á‰± 2:00 áˆµá‹“á‰µ - áŠ¥áˆµáŠ¨ áˆáˆ½á‰± 6:00 áˆ°á‹“á‰µ
ğŸğŸğŸ á‹¨á‰µáˆ«áŠ•áˆµá–áˆ­á‰µ áŠ áˆ›áˆ«áŒ­ áŠ¨70 - 500 á‰¥áˆ­
for delivery option fees are from 70 birr - 500 birr",602,True
15124,2025-01-28 07:54:59,"natures made vitamin d3 5000iu 200 gummies 
price 7000 birr 
telegram @lobeliacosmetics
msgğŸ‘‰ lobelia pharmacy and cosmetics 
â˜ï¸ call 0911562031/0911587703
adress:- infront of bole medhanialem high school alemnesh plaza ground floor 
open monday - monday from 8am until midnight áŠ¨áˆ°áŠ - áŠ¥áˆµáŠ¨ áˆ°áŠÂ  áŠ¨áŒ§á‰± 2:00 áˆµá‹“á‰µ - áŠ¥áˆµáŠ¨ áˆáˆ½á‰± 6:00 áˆ°á‹“á‰µ
ğŸğŸğŸ á‹¨á‰µáˆ«áŠ•áˆµá–áˆ­á‰µ áŠ áˆ›áˆ«áŒ­ áŠ¨70 - 500 á‰¥áˆ­
for delivery option fees are from 70 birr - 500 birr",435,True
15123,2025-01-28 07:54:59,"zinc 400 tablets 
price 6500 birr 
telegram https://t.me/lobelia4cosmetics
msgğŸ‘‰ lobelia pharmacy and cosmetics 
â˜ï¸ call 0911562031/0911587703
adress:- infront of bole medhanialem high school 
open monday - monday from 8am until midnight áŠ¨áˆ°áŠ - áŠ¥áˆµáŠ¨ áˆ°áŠÂ  áŠ¨áŒ§á‰± 2:00 áˆµá‹“á‰µ - áŠ¥áˆµáŠ¨ áˆáˆ½á‰± 6:00 áˆ°á‹“á‰µ
ğŸğŸğŸ á‹¨á‰µáˆ«áŠ•áˆµá–áˆ­á‰µ áŠ áˆ›áˆ«áŒ­ áŠ¨70 - 200 á‰¥áˆ­
for delivery option fees are from 70 birr - 200 birr",499,True
15122,2025-01-28 07:54:59,"multi for her 90 tablets 
price 5000 birr 
telegram @lobeliacosmetics
msgğŸ‘‰ lobelia pharmacy and cosmetics 
â˜ï¸ call 0911562031/0911587703
adress:- infront of bole medhanialem high school 
open monday - monday from 8am until midnight áŠ¨áˆ°áŠ - áŠ¥áˆµáŠ¨ áˆ°áŠÂ  áŠ¨áŒ§á‰± 2:00 áˆµá‹“á‰µ - áŠ¥áˆµáŠ¨ áˆáˆ½á‰± 6:00 áˆ°á‹“á‰µ
ğŸğŸğŸ á‹¨á‰µáˆ«áŠ•áˆµá–áˆ­á‰µ áŠ áˆ›áˆ«áŒ­ áŠ¨70 - 200 á‰¥áˆ­
for delivery option fees are from 70 birr - 200 birr",409,True
15121,2025-01-28 07:54:59,"smucker's 
price 1900 birr 
telegram https://t.me/lobelia4cosmetics
msgğŸ‘‰ lobelia pharmacy and cosmetics 
â˜ï¸ call 0911562031/0911587703
adress:- infront of bole medhanialem high school 
open monday - monday from 8am until midnight áŠ¨áˆ°áŠ - áŠ¥áˆµáŠ¨ áˆ°áŠÂ  áŠ¨áŒ§á‰± 2:00 áˆµá‹“á‰µ - áŠ¥áˆµáŠ¨ áˆáˆ½á‰± 6:00 áˆ°á‹“á‰µ
ğŸğŸğŸ á‹¨á‰µáˆ«áŠ•áˆµá–áˆ­á‰µ áŠ áˆ›áˆ«áŒ­ áŠ¨70 - 200 á‰¥áˆ­
for delivery option fees are from 70 birr - 200 birr",442,True
15120,2025-01-28 07:54:59,"st. john's wort 150 capsules 
price 5000 birr  
telegram https://t.me/lobelia4cosmetics
msgğŸ‘‰ lobelia pharmacy and cosmetics 
â˜ï¸ call 0911562031/0911587703
adress:- infront of bole medhanialem high school 
open monday - monday from 8am until midnight áŠ¨áˆ°áŠ - áŠ¥áˆµáŠ¨ áˆ°áŠÂ  áŠ¨áŒ§á‰± 2:00 áˆµá‹“á‰µ - áŠ¥áˆµáŠ¨ áˆáˆ½á‰± 6:00 áˆ°á‹“á‰µ
ğŸğŸğŸ á‹¨á‰µáˆ«áŠ•áˆµá–áˆ­á‰µ áŠ áˆ›áˆ«áŒ­ áŠ¨70 - 200 á‰¥áˆ­
for delivery option fees are from 70 birr - 200 birr",352,True
15119,2025-01-28 07:54:59,"postnatal 60 softgels 
price 6500 birr 
telegram https://t.me/lobelia4cosmetics
msgğŸ‘‰ lobelia pharmacy and cosmetics 
â˜ï¸ call 0911562031/0911587703
adress:- infront of bole medhanialem high school 
open monday - monday from 8am until midnight áŠ¨áˆ°áŠ - áŠ¥áˆµáŠ¨ áˆ°áŠÂ  áŠ¨áŒ§á‰± 2:00 áˆµá‹“á‰µ - áŠ¥áˆµáŠ¨ áˆáˆ½á‰± 6:00 áˆ°á‹“á‰µ
ğŸğŸğŸ á‹¨á‰µáˆ«áŠ•áˆµá–áˆ­á‰µ áŠ áˆ›áˆ«áŒ­ áŠ¨70 - 200 á‰¥áˆ­
for delivery option fees are from 70 birr - 200 birr",390,True
15118,2025-01-28 07:54:58,"prenatal 120 gummies 
price 6500 birr 
telegram https://t.me/lobelia4cosmetics
msgğŸ‘‰ lobelia pharmacy and cosmetics 
â˜ï¸ call 0911562031/0911587703
adress:- infront of bole medhanialem high school 
open monday - monday from 8am until midnight áŠ¨áˆ°áŠ - áŠ¥áˆµáŠ¨ áˆ°áŠÂ  áŠ¨áŒ§á‰± 2:00 áˆµá‹“á‰µ - áŠ¥áˆµáŠ¨ áˆáˆ½á‰± 6:00 áˆ°á‹“á‰µ
ğŸğŸğŸ á‹¨á‰µáˆ«áŠ•áˆµá–áˆ­á‰µ áŠ áˆ›áˆ«áŒ­ áŠ¨70 - 200 á‰¥áˆ­
for delivery option fees are from 70 birr - 200 birr",462,True
15117,2025-01-28 07:54:58,"prenatal 150 softgels 
price 5500 birr 
telegram https://t.me/lobelia4cosmetics
msgğŸ‘‰ lobelia pharmacy and cosmetics 
â˜ï¸ call 0911562031/0911587703
adress:- infront of bole medhanialem high school 
open monday - monday from 8am until midnight áŠ¨áˆ°áŠ - áŠ¥áˆµáŠ¨ áˆ°áŠÂ  áŠ¨áŒ§á‰± 2:00 áˆµá‹“á‰µ - áŠ¥áˆµáŠ¨ áˆáˆ½á‰± 6:00 áˆ°á‹“á‰µ
ğŸğŸğŸ á‹¨á‰µáˆ«áŠ•áˆµá–áˆ­á‰µ áŠ áˆ›áˆ«áŒ­ áŠ¨70 - 200 á‰¥áˆ­
for delivery option fees are from 70 birr - 200 birr",498,True
15116,2025-01-28 05:19:58,"glucosamine 1000mg/100mg 90 capsules 
price 5000 birr 
telegram https://t.me/lobelia4cosmetics
msgğŸ‘‰ lobelia pharmacy and cosmetics 
â˜ï¸ call 0911562031/0911587703
adress:- infront of bole medhanialem high school 
open monday - monday from 8am until midnight áŠ¨áˆ°áŠ - áŠ¥áˆµáŠ¨ áˆ°áŠÂ  áŠ¨áŒ§á‰± 2:00 áˆµá‹“á‰µ - áŠ¥áˆµáŠ¨ áˆáˆ½á‰± 6:00 áˆ°á‹“á‰µ
ğŸğŸğŸ á‹¨á‰µáˆ«áŠ•áˆµá–áˆ­á‰µ áŠ áˆ›áˆ«áŒ­ áŠ¨70 - 200 á‰¥áˆ­
for delivery option fees are from 70 birr - 200 birr",631,True
15115,2025-01-28 05:19:58,"pediasure liquid 
price 900 birr 
telegram @lobeliacosmetics
msgğŸ‘‰ lobelia pharmacy and cosmetics 
â˜ï¸ call 0911562031/0911587703
adress:- infront of bole medhanialem high school 
alemnesh plaza ground floor 
open monday - monday from 8am until midnight áŠ¨áˆ°áŠ - áŠ¥áˆµáŠ¨ áˆ°áŠÂ  áŠ¨áŒ§á‰± 2:00 áˆµá‹“á‰µ - áŠ¥áˆµáŠ¨ áˆáˆ½á‰± 6:00 áˆ°á‹“á‰µ
ğŸğŸğŸ á‹¨á‰µáˆ«áŠ•áˆµá–áˆ­á‰µ áŠ áˆ›áˆ«áŒ­ áŠ¨70 - 500 á‰¥áˆ­
for delivery option fees are from 70 birr - 500 birr",784,True
15114,2025-01-28 05:19:58,"ensure liquid high protein 
price 900 birr 
telegram https://t.me/lobelia4cosmetics
msgğŸ‘‰ lobelia pharmacy and cosmetics 
â˜ï¸ call 0911562031/0911587703
adress:- infront of bole medhanialem high school 
open monday - monday from 8am until midnight áŠ¨áˆ°áŠ - áŠ¥áˆµáŠ¨ áˆ°áŠÂ  áŠ¨áŒ§á‰± 2:00 áˆµá‹“á‰µ - áŠ¥áˆµáŠ¨ áˆáˆ½á‰± 6:00 áˆ°á‹“á‰µ
ğŸğŸğŸ á‹¨á‰µáˆ«áŠ•áˆµá–áˆ­á‰µ áŠ áˆ›áˆ«áŒ­ áŠ¨70 - 200 á‰¥áˆ­
for delivery option fees are from 70 birr - 200 birr",497,True
15113,2025-01-28 05:19:58,"ensure liquid 
price 900 birr 
telegram https://t.me/lobelia4cosmetics
msgğŸ‘‰ lobelia pharmacy and cosmetics 
â˜ï¸ call 0911562031/0911587703
adress:- infront of bole medhanialem high school 
open monday - monday from 8am until midnight áŠ¨áˆ°áŠ - áŠ¥áˆµáŠ¨ áˆ°áŠÂ  áŠ¨áŒ§á‰± 2:00 áˆµá‹“á‰µ - áŠ¥áˆµáŠ¨ áˆáˆ½á‰± 6:00 áˆ°á‹“á‰µ
ğŸğŸğŸ á‹¨á‰µáˆ«áŠ•áˆµá–áˆ­á‰µ áŠ áˆ›áˆ«áŒ­ áŠ¨70 - 200 á‰¥áˆ­
for delivery option fees are from 70 birr - 200 birr",389,True
15112,2025-01-28 05:19:58,"natures bounty hair, skin and nails 220 gummies 
price 4000 birr 
telegram @lobeliacosmetics 
msgğŸ‘‰ lobelia pharmacy and cosmetics 
â˜ï¸ call 0911562031/0911587703
adress:- infront of bole medhanialem high school 
alemnesh plaza ground floor 
open monday - monday from 8am until midnight áŠ¨áˆ°áŠ - áŠ¥áˆµáŠ¨ áˆ°áŠÂ  áŠ¨áŒ§á‰± 2:00 áˆµá‹“á‰µ - áŠ¥áˆµáŠ¨ áˆáˆ½á‰± 6:00 áˆ°á‹“á‰µ
ğŸğŸğŸ á‹¨á‰µáˆ«áŠ•áˆµá–áˆ­á‰µ áŠ áˆ›áˆ«áŒ­ áŠ¨70 - 500 á‰¥áˆ­
for delivery option fees are from 70 birr - 500 birr",396,True
15111,2025-01-28 05:19:58,"kirkland children's multivitamin 250 gummies 
price 4000 birr 
telegram @lobeliacosmetics 
msgğŸ‘‰ lobelia pharmacy and cosmetics 
â˜ï¸ call 0911562031/0911587703
adress:- infront of bole medhanialem high school 
alemnesh plaza ground floor 
open monday - monday from 8am until midnight áŠ¨áˆ°áŠ - áŠ¥áˆµáŠ¨ áˆ°áŠÂ  áŠ¨áŒ§á‰± 2:00 áˆµá‹“á‰µ - áŠ¥áˆµáŠ¨ áˆáˆ½á‰± 6:00 áˆ°á‹“á‰µ
ğŸğŸğŸ á‹¨á‰µáˆ«áŠ•áˆµá–áˆ­á‰µ áŠ áˆ›áˆ«áŒ­ áŠ¨70 - 500 á‰¥áˆ­
for delivery option fees are from 70 birr - 500 birr",331,True
15110,2025-01-28 05:19:58,"sudo cream 
price 4000 birr 
telegram https://t.me/lobelia4cosmetics
msgğŸ‘‰ lobelia pharmacy and cosmetics 
â˜ï¸ call 0911562031/0911587703
adress:- infront of bole medhanialem high school 
open monday - monday from 8am until midnight áŠ¨áˆ°áŠ - áŠ¥áˆµáŠ¨ áˆ°áŠÂ  áŠ¨áŒ§á‰± 2:00 áˆµá‹“á‰µ - áŠ¥áˆµáŠ¨ áˆáˆ½á‰± 6:00 áˆ°á‹“á‰µ
ğŸğŸğŸ á‹¨á‰µáˆ«áŠ•áˆµá–áˆ­á‰µ áŠ áˆ›áˆ«áŒ­ áŠ¨70 - 200 á‰¥áˆ­
for delivery option fees are from 70 birr - 200 birr",374,True
15109,2025-01-28 05:19:58,"well babay vitamin d drop 400 iu
price 3000 birr 
telegram https://t.me/lobelia4cosmetics
msgğŸ‘‰ lobelia pharmacy and cosmetics 
â˜ï¸ call 0911562031/0911587703
adress:- infront of bole medhanialem high school 
open monday - monday from 8am until midnight áŠ¨áˆ°áŠ - áŠ¥áˆµáŠ¨ áˆ°áŠÂ  áŠ¨áŒ§á‰± 2:00 áˆµá‹“á‰µ - áŠ¥áˆµáŠ¨ áˆáˆ½á‰± 6:00 áˆ°á‹“á‰µ
ğŸğŸğŸ á‹¨á‰µáˆ«áŠ•áˆµá–áˆ­á‰µ áŠ áˆ›áˆ«áŒ­ áŠ¨70 - 200 á‰¥áˆ­
for delivery option fees are from 70 birr - 200 birr",484,True
15108,2025-01-28 05:19:58,"iron drop 
price 3500 birr 
telegram https://t.me/lobelia4cosmetics
msgğŸ‘‰ lobelia pharmacy and cosmetics 
â˜ï¸ call 0911562031/0911587703
adress:- infront of bole medhanialem high school 
open monday - monday from 8am until midnight áŠ¨áˆ°áŠ - áŠ¥áˆµáŠ¨ áˆ°áŠÂ  áŠ¨áŒ§á‰± 2:00 áˆµá‹“á‰µ - áŠ¥áˆµáŠ¨ áˆáˆ½á‰± 6:00 áˆ°á‹“á‰µ
ğŸğŸğŸ á‹¨á‰µáˆ«áŠ•áˆµá–áˆ­á‰µ áŠ áˆ›áˆ«áŒ­ áŠ¨70 - 200 á‰¥áˆ­
for delivery option fees are from 70 birr - 200 birr",337,True
15107,2025-01-28 05:19:58,"mini drops bed time 
price 3500 birr 
telegram https://t.me/lobelia4cosmetics
msgğŸ‘‰ lobelia pharmacy and cosmetics 
â˜ï¸ call 0911562031/0911587703
adress:- infront of bole medhanialem high school 
open monday - monday from 8am until midnight áŠ¨áˆ°áŠ - áŠ¥áˆµáŠ¨ áˆ°áŠÂ  áŠ¨áŒ§á‰± 2:00 áˆµá‹“á‰µ - áŠ¥áˆµáŠ¨ áˆáˆ½á‰± 6:00 áˆ°á‹“á‰µ
ğŸğŸğŸ á‹¨á‰µáˆ«áŠ•áˆµá–áˆ­á‰µ áŠ áˆ›áˆ«áŒ­ áŠ¨70 - 200 á‰¥áˆ­
for delivery option fees are from 70 birr - 200 birr",373,True
15106,2025-01-28 05:19:58,"mini drops immune plus
price 3500 birr 
telegram https://t.me/lobelia4cosmetics
msgğŸ‘‰ lobelia pharmacy and cosmetics 
â˜ï¸ call 0911562031/0911587703
adress:- infront of bole medhanialem high school 
open monday - monday from 8am until midnight áŠ¨áˆ°áŠ - áŠ¥áˆµáŠ¨ áˆ°áŠÂ  áŠ¨áŒ§á‰± 2:00 áˆµá‹“á‰µ - áŠ¥áˆµáŠ¨ áˆáˆ½á‰± 6:00 áˆ°á‹“á‰µ
ğŸğŸğŸ á‹¨á‰µáˆ«áŠ•áˆµá–áˆ­á‰µ áŠ áˆ›áˆ«áŒ­ áŠ¨70 - 200 á‰¥áˆ­
for delivery option fees are from 70 birr - 200 birr",338,True
15105,2025-01-28 05:19:58,"mini drops multivitamin
price 3500 birr 
telegram https://t.me/lobelia4cosmetics
msgğŸ‘‰ lobelia pharmacy and cosmetics 
â˜ï¸ call 0911562031/0911587703
adress:- infront of bole medhanialem high school 
open monday - monday from 8am until midnight áŠ¨áˆ°áŠ - áŠ¥áˆµáŠ¨ áˆ°áŠÂ  áŠ¨áŒ§á‰± 2:00 áˆµá‹“á‰µ - áŠ¥áˆµáŠ¨ áˆáˆ½á‰± 6:00 áˆ°á‹“á‰µ
ğŸğŸğŸ á‹¨á‰µáˆ«áŠ•áˆµá–áˆ­á‰µ áŠ áˆ›áˆ«áŒ­ áŠ¨70 - 200 á‰¥áˆ­
for delivery option fees are from 70 birr - 200 birr",403,True
15104,2025-01-28 05:19:58,"dha drop 
price 3600 birr 
telegram https://t.me/lobelia4cosmetics
msgğŸ‘‰ lobelia pharmacy and cosmetics 
â˜ï¸ call 0911562031/0911587703
adress:- infront of bole medhanialem high school 
open monday - monday from 8am until midnight áŠ¨áˆ°áŠ - áŠ¥áˆµáŠ¨ áˆ°áŠÂ  áŠ¨áŒ§á‰± 2:00 áˆµá‹“á‰µ - áŠ¥áˆµáŠ¨ áˆáˆ½á‰± 6:00 áˆ°á‹“á‰µ
ğŸğŸğŸ á‹¨á‰µáˆ«áŠ•áˆµá–áˆ­á‰µ áŠ áˆ›áˆ«áŒ­ áŠ¨70 - 200 á‰¥áˆ­
for delivery option fees are from 70 birr - 200 birr",358,True
15103,2025-01-28 05:19:58,"wellbaby multivitamin drop 
price 3000 birr 
telegram https://t.me/lobelia4cosmetics
msgğŸ‘‰ lobelia pharmacy and cosmetics 
â˜ï¸ call 0911562031/0911587703
adress:- infront of bole medhanialem high school 
open monday - monday from 8am until midnight áŠ¨áˆ°áŠ - áŠ¥áˆµáŠ¨ áˆ°áŠÂ  áŠ¨áŒ§á‰± 2:00 áˆµá‹“á‰µ - áŠ¥áˆµáŠ¨ áˆáˆ½á‰± 6:00 áˆ°á‹“á‰µ
ğŸğŸğŸ á‹¨á‰µáˆ«áŠ•áˆµá–áˆ­á‰µ áŠ áˆ›áˆ«áŒ­ áŠ¨70 - 200 á‰¥áˆ­
for delivery option fees are from 70 birr - 200 birr",358,True
15102,2025-01-28 05:19:58,,494,True
15101,2025-01-28 05:19:58,"suave kids wash 
price 3200 birr 
telegram https://t.me/lobelia4cosmetics
msgğŸ‘‰ lobelia pharmacy and cosmetics 
â˜ï¸ call 0911562031/0911587703
adress:- infront of bole medhanialem high school 
open monday - monday from 8am until midnight áŠ¨áˆ°áŠ - áŠ¥áˆµáŠ¨ áˆ°áŠÂ  áŠ¨áŒ§á‰± 2:00 áˆµá‹“á‰µ - áŠ¥áˆµáŠ¨ áˆáˆ½á‰± 6:00 áˆ°á‹“á‰µ
ğŸğŸğŸ á‹¨á‰µáˆ«áŠ•áˆµá–áˆ­á‰µ áŠ áˆ›áˆ«áŒ­ áŠ¨70 - 200 á‰¥áˆ­
for delivery option fees are from 70 birr - 200 birr",501,True
15100,2025-01-28 05:19:57,"jungle oats 
price 3000 birr 
telegram :-@lobeliacosmetics
msgğŸ‘‰ lobelia pharmacy and cosmetics 
â˜ï¸ call 0911562031/0911587703
adress:- infront of bole medhanialem high school 
alemnesh plaza ground floor 
open monday - monday from 8am until midnight áŠ¨áˆ°áŠ - áŠ¥áˆµáŠ¨ áˆ°áŠÂ  áŠ¨áŒ§á‰± 2:00 áˆµá‹“á‰µ - áŠ¥áˆµáŠ¨ áˆáˆ½á‰± 6:00 áˆ°á‹“á‰µ
ğŸğŸğŸ á‹¨á‰µáˆ«áŠ•áˆµá–áˆ­á‰µ áŠ áˆ›áˆ«áŒ­ áŠ¨70 - 500 á‰¥áˆ­
for delivery option fees are from 70 birr -500 birr",425,True
15099,2025-01-28 05:19:57,,632,True
15098,2025-01-28 05:19:57,"nodules 
price 400 birr 
telegram :-@lobeliacosmetics
msgğŸ‘‰ lobelia pharmacy and cosmetics 
â˜ï¸ call 0911562031/0911587703
adress:- infront of bole medhanialem high school 
alemnesh plaza ground floor 
open monday - monday from 8am until midnight áŠ¨áˆ°áŠ - áŠ¥áˆµáŠ¨ áˆ°áŠÂ  áŠ¨áŒ§á‰± 2:00 áˆµá‹“á‰µ - áŠ¥áˆµáŠ¨ áˆáˆ½á‰± 6:00 áˆ°á‹“á‰µ
ğŸğŸğŸ á‹¨á‰µáˆ«áŠ•áˆµá–áˆ­á‰µ áŠ áˆ›áˆ«áŒ­ áŠ¨70 - 500 á‰¥áˆ­
for delivery option fees are from 70 birr -500 birr",638,True
15097,2025-01-28 05:19:57,"eucerin anti pigment dual serum 
price 8000 birr 
telegram https://t.me/lobelia4cosmetics
msgğŸ‘‰ lobelia pharmacy and cosmetics 
â˜ï¸ call 0911562031/0911587703
adress:- infront of bole medhanialem high school 
open monday - monday from 8am until midnight áŠ¨áˆ°áŠ - áŠ¥áˆµáŠ¨ áˆ°áŠÂ  áŠ¨áŒ§á‰± 2:00 áˆµá‹“á‰µ - áŠ¥áˆµáŠ¨ áˆáˆ½á‰± 6:00 áˆ°á‹“á‰µ
ğŸğŸğŸ á‹¨á‰µáˆ«áŠ•áˆµá–áˆ­á‰µ áŠ áˆ›áˆ«áŒ­ áŠ¨70 - 200 á‰¥áˆ­
for delivery option fees are from 70 birr - 200 birr",729,True
15096,2025-01-27 05:34:03,"calcium, magnesium, and zinc 
price 5000 birr 
telegram @lobeliacosmetics
msgğŸ‘‰ lobelia pharmacy and cosmetics 
â˜ï¸ call 0911562031/0911587703
adress:- infront of bole medhanialem high school 
alemnesh plaza ground floor 
open monday - monday from 8am until midnight áŠ¨áˆ°áŠ - áŠ¥áˆµáŠ¨ áˆ°áŠÂ  áŠ¨áŒ§á‰± 2:00 áˆµá‹“á‰µ - áŠ¥áˆµáŠ¨ áˆáˆ½á‰± 6:00 áˆ°á‹“á‰µ
ğŸğŸğŸ á‹¨á‰µáˆ«áŠ•áˆµá–áˆ­á‰µ áŠ áˆ›áˆ«áŒ­ áŠ¨70 - 500 á‰¥áˆ­
for delivery option fees are from 70 birr - 500 birr",1106,True
15095,2025-01-27 05:34:03,"triple omega 
price 5000 birr 
telegram https://t.me/lobelia4cosmetics
msgğŸ‘‰ lobelia pharmacy and cosmetics 
â˜ï¸ call 0911562031/0911587703
adress:- infront of bole medhanialem high school 
open monday - monday from 8am until midnight áŠ¨áˆ°áŠ - áŠ¥áˆµáŠ¨ áˆ°áŠÂ  áŠ¨áŒ§á‰± 2:00 áˆµá‹“á‰µ - áŠ¥áˆµáŠ¨ áˆáˆ½á‰± 6:00 áˆ°á‹“á‰µ
ğŸğŸğŸ á‹¨á‰µáˆ«áŠ•áˆµá–áˆ­á‰µ áŠ áˆ›áˆ«áŒ­ áŠ¨70 - 200 á‰¥áˆ­
for delivery option fees are from 70 birr - 200 birr",870,True
15094,2025-01-27 05:34:03,"calcium 120 rapid release softgels 
price 6000 birr 
telegram https://t.me/lobelia4cosmetics
msgğŸ‘‰ lobelia pharmacy and cosmetics 
â˜ï¸ call 0911562031/0911587703
adress:- infront of bole medhanialem high school 
open monday - monday from 8am until midnight áŠ¨áˆ°áŠ - áŠ¥áˆµáŠ¨ áˆ°áŠÂ  áŠ¨áŒ§á‰± 2:00 áˆµá‹“á‰µ - áŠ¥áˆµáŠ¨ áˆáˆ½á‰± 6:00 áˆ°á‹“á‰µ
ğŸğŸğŸ á‹¨á‰µáˆ«áŠ•áˆµá–áˆ­á‰µ áŠ áˆ›áˆ«áŒ­ áŠ¨70 - 200 á‰¥áˆ­
for delivery option fees are from 70 birr - 200 birr",765,True
15093,2025-01-27 05:34:03,"magnesium 180 softgels 
price 6500 birr 
telegram https://t.me/lobelia4cosmetics
msgğŸ‘‰ lobelia pharmacy and cosmetics 
â˜ï¸ call 0911562031/0911587703
adress:- infront of bole medhanialem high school 
open monday - monday from 8am until midnight áŠ¨áˆ°áŠ - áŠ¥áˆµáŠ¨ áˆ°áŠÂ  áŠ¨áŒ§á‰± 2:00 áˆµá‹“á‰µ - áŠ¥áˆµáŠ¨ áˆáˆ½á‰± 6:00 áˆ°á‹“á‰µ
ğŸğŸğŸ á‹¨á‰µáˆ«áŠ•áˆµá–áˆ­á‰µ áŠ áˆ›áˆ«áŒ­ áŠ¨70 - 200 á‰¥áˆ­
for delivery option fees are from 70 birr - 200 birr",507,True
15092,2025-01-27 05:34:03,"vitamin d3 5000iu+k2 120 tablets 
price 7000 birr 
telegram @lobeliacosmetics
msgğŸ‘‰ lobelia pharmacy and cosmetics 
â˜ï¸ call 0911562031/0911587703
adress:- infront of bole medhanialem high school 
alemnesh plaza ground floor 
open monday - monday from 8am until midnight áŠ¨áˆ°áŠ - áŠ¥áˆµáŠ¨ áˆ°áŠÂ  áŠ¨áŒ§á‰± 2:00 áˆµá‹“á‰µ - áŠ¥áˆµáŠ¨ áˆáˆ½á‰± 6:00 áˆ°á‹“á‰µ
ğŸğŸğŸ á‹¨á‰µáˆ«áŠ•áˆµá–áˆ­á‰µ áŠ áˆ›áˆ«áŒ­ áŠ¨70 - 500 á‰¥áˆ­
for delivery option fees are from 70 birr - 500 birr",426,True
15091,2025-01-27 05:34:03,"collagen 390 tablets 
price 7500
telegram @lobeliacosmetics
msgğŸ‘‰ lobelia pharmacy and cosmetics 
â˜ï¸ call 0911562031/0911587703
adress:- infront of bole medhanialem high school 
open monday - monday from 8am until midnight áŠ¨áˆ°áŠ - áŠ¥áˆµáŠ¨ áˆ°áŠÂ  áŠ¨áŒ§á‰± 2:00 áˆµá‹“á‰µ - áŠ¥áˆµáŠ¨ áˆáˆ½á‰± 6:00 áˆ°á‹“á‰µ
ğŸğŸğŸ á‹¨á‰µáˆ«áŠ•áˆµá–áˆ­á‰µ áŠ áˆ›áˆ«áŒ­ áŠ¨70 - 200 á‰¥áˆ­
for delivery option fees are from 70 birr - 200 birr",427,True
15090,2025-01-27 05:34:03,"ashwagandha 180 tablets 
price 7500
telegram @lobeliacosmetics
msgğŸ‘‰ lobelia pharmacy and cosmetics 
â˜ï¸ call 0911562031/0911587703
adress:- infront of bole medhanialem high school 
open monday - monday from 8am until midnight áŠ¨áˆ°áŠ - áŠ¥áˆµáŠ¨ áˆ°áŠÂ  áŠ¨áŒ§á‰± 2:00 áˆµá‹“á‰µ - áŠ¥áˆµáŠ¨ áˆáˆ½á‰± 6:00 áˆ°á‹“á‰µ
ğŸğŸğŸ á‹¨á‰µáˆ«áŠ•áˆµá–áˆ­á‰µ áŠ áˆ›áˆ«áŒ­ áŠ¨70 - 200 á‰¥áˆ­
for delivery option fees are from 70 birr - 200 birr",406,True
15089,2025-01-27 05:34:02,"super collagen 180 tablets 
price 5500 birr 
telegram @lobeliacosmetics
msgğŸ‘‰ lobelia pharmacy and cosmetics 
â˜ï¸ call 0911562031/0911587703
adress:- infront of bole medhanialem high school 
alemnesh plaza ground floor 
open monday - monday from 8am until midnight áŠ¨áˆ°áŠ - áŠ¥áˆµáŠ¨ áˆ°áŠÂ  áŠ¨áŒ§á‰± 2:00 áˆµá‹“á‰µ - áŠ¥áˆµáŠ¨ áˆáˆ½á‰± 6:00 áˆ°á‹“á‰µ
 ğŸğŸğŸ á‹¨á‰µáˆ«áŠ•áˆµá–áˆ­á‰µ áŠ áˆ›áˆ«áŒ­ áŠ¨70 - 500 á‰¥áˆ­
for delivery option fees are from 70 birr - 500 birr",394,True
15088,2025-01-27 05:34:02,"nido 1.8kg 
price 4500 birr 
telegram https://t.me/lobelia4cosmetics
msgğŸ‘‰ lobelia pharmacy and cosmetics 
â˜ï¸ call 0911562031/0911587703
adress:- infront of bole medhanialem high school 
open monday - monday from 8am until midnight áŠ¨áˆ°áŠ - áŠ¥áˆµáŠ¨ áˆ°áŠÂ  áŠ¨áŒ§á‰± 2:00 áˆµá‹“á‰µ - áŠ¥áˆµáŠ¨ áˆáˆ½á‰± 6:00 áˆ°á‹“á‰µ
ğŸğŸğŸ á‹¨á‰µáˆ«áŠ•áˆµá–áˆ­á‰µ áŠ áˆ›áˆ«áŒ­ áŠ¨70 - 200 á‰¥áˆ­
for delivery option fees are from 70 birr - 200 birr",447,True
15087,2025-01-27 05:34:02,"nido 1+ 2.2kg 
price 6500 birr 
telegram @lobeliacosmetics
msgğŸ‘‰ lobelia pharmacy and cosmetics 
â˜ï¸ call 0911562031/0911587703
adress:- infront of bole medhanialem high school 
alemnesh plaza ground floor 
open monday - monday from 8am until midnight áŠ¨áˆ°áŠ - áŠ¥áˆµáŠ¨ áˆ°áŠÂ  áŠ¨áŒ§á‰± 2:00 áˆµá‹“á‰µ - áŠ¥áˆµáŠ¨ áˆáˆ½á‰± 6:00 áˆ°á‹“á‰µ
ğŸğŸğŸ á‹¨á‰µáˆ«áŠ•áˆµá–áˆ­á‰µ áŠ áˆ›áˆ«áŒ­ áŠ¨70 - 200 á‰¥áˆ­
for delivery option fees are from 70 birr - 200 birr",386,True
15086,2025-01-27 05:34:02,"avocado oil 2l
price 6500 birr 
telegram @lobeliacosmetics
msgğŸ‘‰ lobelia pharmacy and cosmetics 
â˜ï¸ call 0911562031/0911587703
adress:- infront of bole medhanialem high school 
alemnesh plaza ground floor 
open monday - monday from 8am until midnight áŠ¨áˆ°áŠ - áŠ¥áˆµáŠ¨ áˆ°áŠÂ  áŠ¨áŒ§á‰± 2:00 áˆµá‹“á‰µ - áŠ¥áˆµáŠ¨ áˆáˆ½á‰± 6:00 áˆ°á‹“á‰µ
ğŸğŸğŸ á‹¨á‰µáˆ«áŠ•áˆµá–áˆ­á‰µ áŠ áˆ›áˆ«áŒ­ áŠ¨70 - 500 á‰¥áˆ­
for delivery option fees are from 70 birr - 500 birr",548,True
15085,2025-01-27 05:34:02,"jungle oats 
price 3000 birr 
telegram :-@lobeliacosmetics
msgğŸ‘‰ lobelia pharmacy and cosmetics 
â˜ï¸ call 0911562031/0911587703
adress:- infront of bole medhanialem high school 
alemnesh plaza ground floor 
open monday - monday from 8am until midnight áŠ¨áˆ°áŠ - áŠ¥áˆµáŠ¨ áˆ°áŠÂ  áŠ¨áŒ§á‰± 2:00 áˆµá‹“á‰µ - áŠ¥áˆµáŠ¨ áˆáˆ½á‰± 6:00 áˆ°á‹“á‰µ
ğŸğŸğŸ á‹¨á‰µáˆ«áŠ•áˆµá–áˆ­á‰µ áŠ áˆ›áˆ«áŒ­ áŠ¨70 - 500 á‰¥áˆ­
for delivery option fees are from 70 birr -500 birr",535,True
